[{"arm":"P","chr":"1","s":2300000,"e":5300000,"tag":"gpos25","band":"36","subband":"32"},{"arm":"P","chr":"1","s":5300000,"e":7100000,"tag":"gneg","band":"36","subband":"31"},{"arm":"P","chr":"1","s":7100000,"e":9200000,"tag":"gpos25","band":"36","subband":"23"},{"arm":"P","chr":"1","s":9200000,"e":12600000,"tag":"gneg","band":"36","subband":"22"},{"arm":"P","chr":"1","s":12600000,"e":16100000,"tag":"gpos50","band":"36","subband":"21"},{"arm":"P","chr":"1","s":16100000,"e":20300000,"tag":"gneg","band":"36","subband":"13"},{"arm":"P","chr":"1","s":20300000,"e":23800000,"tag":"gpos25","band":"36","subband":"12"},{"arm":"P","chr":"1","s":23800000,"e":27800000,"tag":"gneg","band":"36","subband":"11"},{"arm":"P","chr":"1","s":27800000,"e":30000000,"tag":"gpos25","band":"35","subband":"3"},{"arm":"P","chr":"1","s":30000000,"e":32200000,"tag":"gneg","band":"35","subband":"2"},{"arm":"P","chr":"1","s":32200000,"e":34400000,"tag":"gpos25","band":"35","subband":"1"},{"arm":"P","chr":"1","s":34400000,"e":39600000,"tag":"gneg","band":"34","subband":"3"},{"arm":"P","chr":"1","s":39600000,"e":43900000,"tag":"gpos25","band":"34","subband":"2"},{"arm":"P","chr":"1","s":43900000,"e":46500000,"tag":"gneg","band":"34","subband":"1"},{"arm":"P","chr":"1","s":46500000,"e":51300000,"tag":"gpos75","band":"33"},{"arm":"P","chr":"1","s":51300000,"e":56200000,"tag":"gneg","band":"32","subband":"3"},{"arm":"P","chr":"1","s":56200000,"e":58700000,"tag":"gpos50","band":"32","subband":"2"},{"arm":"P","chr":"1","s":58700000,"e":60900000,"tag":"gneg","band":"32","subband":"1"},{"arm":"P","chr":"1","s":60900000,"e":68700000,"tag":"gpos50","band":"31","subband":"3"},{"arm":"P","chr":"1","s":68700000,"e":69500000,"tag":"gneg","band":"31","subband":"2"},{"arm":"P","chr":"1","s":69500000,"e":84700000,"tag":"gpos100","band":"31","subband":"1"},{"arm":"P","chr":"1","s":84700000,"e":88100000,"tag":"gneg","band":"22","subband":"3"},{"arm":"P","chr":"1","s":88100000,"e":92000000,"tag":"gpos75","band":"22","subband":"2"},{"arm":"P","chr":"1","s":92000000,"e":94500000,"tag":"gneg","band":"22","subband":"1"},{"arm":"P","chr":"1","s":94500000,"e":99400000,"tag":"gpos75","band":"21","subband":"3"},{"arm":"P","chr":"1","s":99400000,"e":102000000,"tag":"gneg","band":"21","subband":"2"},{"arm":"P","chr":"1","s":102000000,"e":107000000,"tag":"gpos100","band":"21","subband":"1"},{"arm":"P","chr":"1","s":107000000,"e":111600000,"tag":"gneg","band":"13","subband":"3"},{"arm":"P","chr":"1","s":111600000,"e":115900000,"tag":"gpos50","band":"13","subband":"2"},{"arm":"P","chr":"1","s":115900000,"e":117600000,"tag":"gneg","band":"13","subband":"1"},{"arm":"P","chr":"1","s":117600000,"e":120700000,"tag":"gpos50","band":"12"},{"arm":"P","chr":"1","s":120700000,"e":121100000,"tag":"gneg","band":"11","subband":"2"},{"arm":"P","chr":"1","s":121100000,"e":124300000,"tag":"acen","band":"11","subband":"1"},{"arm":"Q","chr":"1","s":124300000,"e":128000000,"tag":"acen","band":"11"},{"arm":"Q","chr":"1","s":128000000,"e":142400000,"tag":"gvar","band":"12"},{"arm":"Q","chr":"1","s":142400000,"e":148000000,"tag":"gneg","band":"21","subband":"1"},{"arm":"Q","chr":"1","s":148000000,"e":149600000,"tag":"gpos50","band":"21","subband":"2"},{"arm":"Q","chr":"1","s":149600000,"e":153300000,"tag":"gneg","band":"21","subband":"3"},{"arm":"Q","chr":"1","s":153300000,"e":154800000,"tag":"gpos50","band":"22"},{"arm":"Q","chr":"1","s":154800000,"e":157300000,"tag":"gneg","band":"23","subband":"1"},{"arm":"Q","chr":"1","s":157300000,"e":158800000,"tag":"gpos50","band":"23","subband":"2"},{"arm":"Q","chr":"1","s":158800000,"e":163800000,"tag":"gneg","band":"23","subband":"3"},{"arm":"Q","chr":"1","s":163800000,"e":165500000,"tag":"gpos50","band":"24","subband":"1"},{"arm":"Q","chr":"1","s":165500000,"e":169100000,"tag":"gneg","band":"24","subband":"2"},{"arm":"Q","chr":"1","s":169100000,"e":171200000,"tag":"gpos75","band":"24","subband":"3"},{"arm":"Q","chr":"1","s":171200000,"e":174300000,"tag":"gneg","band":"25","subband":"1"},{"arm":"Q","chr":"1","s":174300000,"e":178600000,"tag":"gpos50","band":"25","subband":"2"},{"arm":"Q","chr":"1","s":178600000,"e":184000000,"tag":"gneg","band":"25","subband":"3"},{"arm":"Q","chr":"1","s":184000000,"e":189000000,"tag":"gpos100","band":"31","subband":"1"},{"arm":"Q","chr":"1","s":189000000,"e":192100000,"tag":"gneg","band":"31","subband":"2"},{"arm":"Q","chr":"1","s":192100000,"e":197500000,"tag":"gpos100","band":"31","subband":"3"},{"arm":"Q","chr":"1","s":197500000,"e":205300000,"tag":"gneg","band":"32","subband":"1"},{"arm":"Q","chr":"1","s":205300000,"e":209500000,"tag":"gpos25","band":"32","subband":"2"},{"arm":"Q","chr":"1","s":209500000,"e":212100000,"tag":"gneg","band":"32","subband":"3"},{"arm":"Q","chr":"1","s":212100000,"e":222100000,"tag":"gpos100","band":"41"},{"arm":"Q","chr":"1","s":222100000,"e":222700000,"tag":"gneg","band":"42","subband":"11"},{"arm":"Q","chr":"1","s":222700000,"e":225100000,"tag":"gpos25","band":"42","subband":"12"},{"arm":"Q","chr":"1","s":234600000,"e":241700000,"tag":"gpos75","band":"43"},{"arm":"Q","chr":"1","s":225100000,"e":228800000,"tag":"gneg","band":"42","subband":"13"},{"arm":"Q","chr":"1","s":228800000,"e":232700000,"tag":"gpos50","band":"42","subband":"2"},{"arm":"Q","chr":"1","s":232700000,"e":234600000,"tag":"gneg","band":"42","subband":"3"},{"arm":"Q","chr":"1","s":241700000,"e":247249719,"tag":"gneg","band":"44"},{"arm":"P","chr":"10","s":0,"e":3000000,"tag":"gneg","band":"15","subband":"3"},{"arm":"P","chr":"10","s":3000000,"e":3800000,"tag":"gpos25","band":"15","subband":"2"},{"arm":"P","chr":"10","s":3800000,"e":6700000,"tag":"gneg","band":"15","subband":"1"},{"arm":"P","chr":"10","s":6700000,"e":12300000,"tag":"gpos75","band":"14"},{"arm":"P","chr":"10","s":12300000,"e":17300000,"tag":"gneg","band":"13"},{"arm":"P","chr":"10","s":17300000,"e":19900000,"tag":"gpos75","band":"12","subband":"33"},{"arm":"P","chr":"10","s":19900000,"e":20500000,"tag":"gneg","band":"12","subband":"32"},{"arm":"P","chr":"10","s":20500000,"e":22800000,"tag":"gpos75","band":"12","subband":"31"},{"arm":"P","chr":"10","s":22800000,"e":24100000,"tag":"gneg","band":"12","subband":"2"},{"arm":"P","chr":"10","s":24100000,"e":28300000,"tag":"gpos50","band":"12","subband":"1"},{"arm":"P","chr":"10","s":28300000,"e":31400000,"tag":"gneg","band":"11","subband":"23"},{"arm":"P","chr":"10","s":31400000,"e":34500000,"tag":"gpos25","band":"11","subband":"22"},{"arm":"P","chr":"10","s":34500000,"e":38800000,"tag":"gneg","band":"11","subband":"21"},{"arm":"P","chr":"10","s":38800000,"e":40300000,"tag":"acen","band":"11","subband":"1"},{"arm":"Q","chr":"10","s":40300000,"e":42100000,"tag":"acen","band":"11","subband":"1"},{"arm":"Q","chr":"10","s":42100000,"e":46100000,"tag":"gneg","band":"11","subband":"21"},{"arm":"Q","chr":"10","s":46100000,"e":50100000,"tag":"gpos25","band":"11","subband":"22"},{"arm":"Q","chr":"10","s":50100000,"e":53300000,"tag":"gneg","band":"11","subband":"23"},{"arm":"Q","chr":"10","s":53300000,"e":61200000,"tag":"gpos100","band":"21","subband":"1"},{"arm":"Q","chr":"10","s":61200000,"e":64800000,"tag":"gneg","band":"21","subband":"2"},{"arm":"Q","chr":"10","s":64800000,"e":71300000,"tag":"gpos100","band":"21","subband":"3"},{"arm":"Q","chr":"10","s":71300000,"e":74600000,"tag":"gneg","band":"22","subband":"1"},{"arm":"Q","chr":"10","s":74600000,"e":77400000,"tag":"gpos50","band":"22","subband":"2"},{"arm":"Q","chr":"10","s":77400000,"e":82000000,"tag":"gneg","band":"22","subband":"3"},{"arm":"Q","chr":"10","s":82000000,"e":87900000,"tag":"gpos100","band":"23","subband":"1"},{"arm":"Q","chr":"10","s":87900000,"e":89600000,"tag":"gneg","band":"23","subband":"2"},{"arm":"Q","chr":"10","s":89600000,"e":92900000,"tag":"gpos75","band":"23","subband":"31"},{"arm":"Q","chr":"10","s":92900000,"e":94200000,"tag":"gneg","band":"23","subband":"32"},{"arm":"Q","chr":"10","s":94200000,"e":98000000,"tag":"gpos50","band":"23","subband":"33"},{"arm":"Q","chr":"10","s":98000000,"e":99400000,"tag":"gneg","band":"24","subband":"1"},{"arm":"Q","chr":"10","s":99400000,"e":102000000,"tag":"gpos50","band":"24","subband":"2"},{"arm":"Q","chr":"10","s":102000000,"e":103000000,"tag":"gneg","band":"24","subband":"31"},{"arm":"Q","chr":"10","s":103000000,"e":104900000,"tag":"gpos25","band":"24","subband":"32"},{"arm":"Q","chr":"10","s":104900000,"e":105700000,"tag":"gneg","band":"24","subband":"33"},{"arm":"Q","chr":"10","s":105700000,"e":111800000,"tag":"gpos100","band":"25","subband":"1"},{"arm":"Q","chr":"10","s":111800000,"e":114900000,"tag":"gneg","band":"25","subband":"2"},{"arm":"Q","chr":"10","s":114900000,"e":119100000,"tag":"gpos75","band":"25","subband":"3"},{"arm":"Q","chr":"10","s":119100000,"e":121700000,"tag":"gneg","band":"26","subband":"11"},{"arm":"Q","chr":"10","s":121700000,"e":123100000,"tag":"gpos50","band":"26","subband":"12"},{"arm":"Q","chr":"10","s":123100000,"e":127400000,"tag":"gneg","band":"26","subband":"13"},{"arm":"Q","chr":"10","s":127400000,"e":130500000,"tag":"gpos50","band":"26","subband":"2"},{"arm":"Q","chr":"10","s":130500000,"e":135374737,"tag":"gneg","band":"26","subband":"3"},{"arm":"P","chr":"11","s":0,"e":2800000,"tag":"gneg","band":"15","subband":"5"},{"arm":"P","chr":"11","s":2800000,"e":10700000,"tag":"gpos50","band":"15","subband":"4"},{"arm":"P","chr":"11","s":10700000,"e":12600000,"tag":"gneg","band":"15","subband":"3"},{"arm":"P","chr":"11","s":12600000,"e":16100000,"tag":"gpos50","band":"15","subband":"2"},{"arm":"P","chr":"11","s":16100000,"e":21600000,"tag":"gneg","band":"15","subband":"1"},{"arm":"P","chr":"11","s":21600000,"e":26000000,"tag":"gpos100","band":"14","subband":"3"},{"arm":"P","chr":"11","s":26000000,"e":27200000,"tag":"gneg","band":"14","subband":"2"},{"arm":"P","chr":"11","s":27200000,"e":31000000,"tag":"gpos75","band":"14","subband":"1"},{"arm":"P","chr":"11","s":31000000,"e":36400000,"tag":"gneg","band":"13"},{"arm":"P","chr":"11","s":36400000,"e":43400000,"tag":"gpos100","band":"12"},{"arm":"Q","chr":"11","s":52900000,"e":56400000,"tag":"acen","band":"11"},{"arm":"Q","chr":"11","s":56400000,"e":59700000,"tag":"gpos75","band":"12","subband":"1"},{"arm":"Q","chr":"11","s":59700000,"e":61400000,"tag":"gneg","band":"12","subband":"2"},{"arm":"Q","chr":"11","s":61400000,"e":63100000,"tag":"gpos25","band":"12","subband":"3"},{"arm":"Q","chr":"11","s":63100000,"e":67100000,"tag":"gneg","band":"13","subband":"1"},{"arm":"Q","chr":"11","s":67100000,"e":69200000,"tag":"gpos25","band":"13","subband":"2"},{"arm":"Q","chr":"11","s":69200000,"e":70700000,"tag":"gneg","band":"13","subband":"3"},{"arm":"Q","chr":"11","s":70700000,"e":74900000,"tag":"gpos50","band":"13","subband":"4"},{"arm":"Q","chr":"11","s":74900000,"e":76700000,"tag":"gneg","band":"13","subband":"5"},{"arm":"Q","chr":"11","s":76700000,"e":85300000,"tag":"gpos100","band":"14","subband":"1"},{"arm":"Q","chr":"11","s":85300000,"e":87900000,"tag":"gneg","band":"14","subband":"2"},{"arm":"Q","chr":"11","s":87900000,"e":92300000,"tag":"gpos100","band":"14","subband":"3"},{"arm":"P","chr":"11","s":43400000,"e":48800000,"tag":"gneg","band":"11","subband":"2"},{"arm":"P","chr":"11","s":48800000,"e":51400000,"tag":"gpos75","band":"11","subband":"12"},{"arm":"P","chr":"11","s":51400000,"e":52900000,"tag":"acen","band":"11","subband":"11"},{"arm":"Q","chr":"11","s":92300000,"e":96700000,"tag":"gneg","band":"21"},{"arm":"Q","chr":"11","s":96700000,"e":101600000,"tag":"gpos100","band":"22","subband":"1"},{"arm":"Q","chr":"11","s":101600000,"e":102400000,"tag":"gneg","band":"22","subband":"2"},{"arm":"Q","chr":"11","s":102400000,"e":110000000,"tag":"gpos100","band":"22","subband":"3"},{"arm":"Q","chr":"11","s":110000000,"e":112800000,"tag":"gneg","band":"23","subband":"1"},{"arm":"Q","chr":"11","s":112800000,"e":115400000,"tag":"gpos50","band":"23","subband":"2"},{"arm":"Q","chr":"11","s":115400000,"e":120700000,"tag":"gneg","band":"23","subband":"3"},{"arm":"Q","chr":"11","s":120700000,"e":123500000,"tag":"gpos50","band":"24","subband":"1"},{"arm":"Q","chr":"11","s":123500000,"e":127400000,"tag":"gneg","band":"24","subband":"2"},{"arm":"Q","chr":"11","s":127400000,"e":130300000,"tag":"gpos50","band":"24","subband":"3"},{"arm":"Q","chr":"12","s":35400000,"e":36500000,"tag":"acen","band":"11"},{"arm":"Q","chr":"12","s":36500000,"e":44600000,"tag":"gpos100","band":"12"},{"arm":"Q","chr":"11","s":130300000,"e":134452384,"tag":"gneg","band":"25"},{"arm":"P","chr":"12","s":0,"e":3100000,"tag":"gneg","band":"13","subband":"33"},{"arm":"P","chr":"12","s":3100000,"e":5300000,"tag":"gpos25","band":"13","subband":"32"},{"arm":"P","chr":"12","s":5300000,"e":10000000,"tag":"gneg","band":"13","subband":"31"},{"arm":"P","chr":"12","s":10000000,"e":12600000,"tag":"gpos75","band":"13","subband":"2"},{"arm":"P","chr":"12","s":12600000,"e":14800000,"tag":"gneg","band":"13","subband":"1"},{"arm":"P","chr":"12","s":14800000,"e":19900000,"tag":"gpos100","band":"12","subband":"3"},{"arm":"P","chr":"12","s":19900000,"e":21200000,"tag":"gneg","band":"12","subband":"2"},{"arm":"P","chr":"12","s":21200000,"e":26300000,"tag":"gpos100","band":"12","subband":"1"},{"arm":"P","chr":"12","s":26300000,"e":27700000,"tag":"gneg","band":"11","subband":"23"},{"arm":"P","chr":"12","s":27700000,"e":30600000,"tag":"gpos50","band":"11","subband":"22"},{"arm":"P","chr":"12","s":30600000,"e":33200000,"tag":"gneg","band":"11","subband":"21"},{"arm":"P","chr":"12","s":33200000,"e":35400000,"tag":"acen","band":"11","subband":"1"},{"arm":"Q","chr":"12","s":44600000,"e":47400000,"tag":"gneg","band":"13","subband":"11"},{"arm":"Q","chr":"12","s":47400000,"e":48400000,"tag":"gpos25","band":"13","subband":"12"},{"arm":"Q","chr":"12","s":48400000,"e":53100000,"tag":"gneg","band":"13","subband":"13"},{"arm":"Q","chr":"12","s":53100000,"e":55200000,"tag":"gpos25","band":"13","subband":"2"},{"arm":"Q","chr":"12","s":55200000,"e":56300000,"tag":"gneg","band":"13","subband":"3"},{"arm":"Q","chr":"12","s":56300000,"e":61400000,"tag":"gpos75","band":"14","subband":"1"},{"arm":"Q","chr":"12","s":61400000,"e":63400000,"tag":"gneg","band":"14","subband":"2"},{"arm":"Q","chr":"12","s":63400000,"e":66000000,"tag":"gpos50","band":"14","subband":"3"},{"arm":"Q","chr":"12","s":66000000,"e":69800000,"tag":"gneg","band":"15"},{"arm":"Q","chr":"12","s":69800000,"e":74100000,"tag":"gpos75","band":"21","subband":"1"},{"arm":"Q","chr":"12","s":74100000,"e":78700000,"tag":"gneg","band":"21","subband":"2"},{"arm":"Q","chr":"12","s":78700000,"e":85100000,"tag":"gpos100","band":"21","subband":"31"},{"arm":"Q","chr":"12","s":85100000,"e":87500000,"tag":"gneg","band":"21","subband":"32"},{"arm":"Q","chr":"12","s":87500000,"e":91200000,"tag":"gpos100","band":"21","subband":"33"},{"arm":"Q","chr":"12","s":91200000,"e":94800000,"tag":"gneg","band":"22"},{"arm":"Q","chr":"12","s":94800000,"e":100000000,"tag":"gpos75","band":"23","subband":"1"},{"arm":"Q","chr":"12","s":100000000,"e":102400000,"tag":"gneg","band":"23","subband":"2"},{"arm":"Q","chr":"12","s":102400000,"e":107500000,"tag":"gpos50","band":"23","subband":"3"},{"arm":"Q","chr":"12","s":107500000,"e":110200000,"tag":"gneg","band":"24","subband":"11"},{"arm":"Q","chr":"12","s":110200000,"e":110800000,"tag":"gpos25","band":"24","subband":"12"},{"arm":"Q","chr":"12","s":110800000,"e":112800000,"tag":"gneg","band":"24","subband":"13"},{"arm":"Q","chr":"12","s":112800000,"e":115300000,"tag":"gpos50","band":"24","subband":"21"},{"arm":"Q","chr":"12","s":115300000,"e":116700000,"tag":"gneg","band":"24","subband":"22"},{"arm":"Q","chr":"12","s":116700000,"e":119100000,"tag":"gpos50","band":"24","subband":"23"},{"arm":"Q","chr":"12","s":119100000,"e":124500000,"tag":"gneg","band":"24","subband":"31"},{"arm":"Q","chr":"12","s":124500000,"e":128700000,"tag":"gpos50","band":"24","subband":"32"},{"arm":"Q","chr":"12","s":128700000,"e":132349534,"tag":"gneg","band":"24","subband":"33"},{"arm":"P","chr":"13","s":0,"e":3800000,"tag":"gvar","band":"13"},{"arm":"P","chr":"13","s":3800000,"e":8300000,"tag":"stalk","band":"12"},{"arm":"P","chr":"13","s":8300000,"e":13500000,"tag":"gvar","band":"11","subband":"2"},{"arm":"P","chr":"13","s":13500000,"e":16000000,"tag":"acen","band":"11","subband":"1"},{"arm":"Q","chr":"13","s":109100000,"e":114142980,"tag":"gneg","band":"34"},{"arm":"Q","chr":"13","s":16000000,"e":18400000,"tag":"acen","band":"11"},{"arm":"P","chr":"14","s":0,"e":3100000,"tag":"gvar","band":"13"},{"arm":"Q","chr":"13","s":18400000,"e":22200000,"tag":"gneg","band":"12","subband":"11"},{"arm":"Q","chr":"13","s":22200000,"e":24400000,"tag":"gpos25","band":"12","subband":"12"},{"arm":"Q","chr":"13","s":24400000,"e":26700000,"tag":"gneg","band":"12","subband":"13"},{"arm":"Q","chr":"13","s":26700000,"e":27800000,"tag":"gpos25","band":"12","subband":"2"},{"arm":"Q","chr":"13","s":27800000,"e":31100000,"tag":"gneg","band":"12","subband":"3"},{"arm":"Q","chr":"13","s":31100000,"e":32900000,"tag":"gpos50","band":"13","subband":"1"},{"arm":"Q","chr":"13","s":32900000,"e":34700000,"tag":"gneg","band":"13","subband":"2"},{"arm":"Q","chr":"13","s":34700000,"e":39500000,"tag":"gpos75","band":"13","subband":"3"},{"arm":"Q","chr":"13","s":39500000,"e":44300000,"tag":"gneg","band":"14","subband":"11"},{"arm":"Q","chr":"13","s":44300000,"e":45900000,"tag":"gpos25","band":"14","subband":"12"},{"arm":"Q","chr":"13","s":45900000,"e":46200000,"tag":"gneg","band":"14","subband":"13"},{"arm":"Q","chr":"13","s":46200000,"e":48900000,"tag":"gpos50","band":"14","subband":"2"},{"arm":"Q","chr":"13","s":48900000,"e":52200000,"tag":"gneg","band":"14","subband":"3"},{"arm":"Q","chr":"13","s":52200000,"e":57600000,"tag":"gpos100","band":"21","subband":"1"},{"arm":"Q","chr":"13","s":57600000,"e":60500000,"tag":"gneg","band":"21","subband":"2"},{"arm":"Q","chr":"13","s":60500000,"e":64100000,"tag":"gpos75","band":"21","subband":"31"},{"arm":"Q","chr":"13","s":64100000,"e":67200000,"tag":"gneg","band":"21","subband":"32"},{"arm":"Q","chr":"13","s":67200000,"e":72100000,"tag":"gpos100","band":"21","subband":"33"},{"arm":"Q","chr":"13","s":72100000,"e":74200000,"tag":"gneg","band":"22","subband":"1"},{"arm":"Q","chr":"13","s":74200000,"e":76000000,"tag":"gpos50","band":"22","subband":"2"},{"arm":"Q","chr":"13","s":76000000,"e":77800000,"tag":"gneg","band":"22","subband":"3"},{"arm":"Q","chr":"13","s":77800000,"e":86500000,"tag":"gpos100","band":"31","subband":"1"},{"arm":"Q","chr":"13","s":86500000,"e":88800000,"tag":"gneg","band":"31","subband":"2"},{"arm":"Q","chr":"13","s":88800000,"e":93800000,"tag":"gpos100","band":"31","subband":"3"},{"arm":"Q","chr":"13","s":93800000,"e":97000000,"tag":"gneg","band":"32","subband":"1"},{"arm":"Q","chr":"13","s":97000000,"e":98100000,"tag":"gpos25","band":"32","subband":"2"},{"arm":"Q","chr":"13","s":98100000,"e":100500000,"tag":"gneg","band":"32","subband":"3"},{"arm":"Q","chr":"13","s":100500000,"e":103700000,"tag":"gpos100","band":"33","subband":"1"},{"arm":"Q","chr":"13","s":103700000,"e":105800000,"tag":"gneg","band":"33","subband":"2"},{"arm":"Q","chr":"13","s":105800000,"e":109100000,"tag":"gpos100","band":"33","subband":"3"},{"arm":"P","chr":"14","s":3100000,"e":6700000,"tag":"stalk","band":"12"},{"arm":"P","chr":"14","s":6700000,"e":13600000,"tag":"gvar","band":"11","subband":"2"},{"arm":"P","chr":"14","s":13600000,"e":15600000,"tag":"acen","band":"11","subband":"1"},{"arm":"Q","chr":"14","s":15600000,"e":19100000,"tag":"acen","band":"11","subband":"1"},{"arm":"Q","chr":"14","s":19100000,"e":23600000,"tag":"gneg","band":"11","subband":"2"},{"arm":"Q","chr":"14","s":23600000,"e":31800000,"tag":"gpos100","band":"12"},{"arm":"Q","chr":"14","s":31800000,"e":34100000,"tag":"gneg","band":"13","subband":"1"},{"arm":"Q","chr":"14","s":34100000,"e":35600000,"tag":"gpos50","band":"13","subband":"2"},{"arm":"Q","chr":"14","s":35600000,"e":36900000,"tag":"gneg","band":"13","subband":"3"},{"arm":"Q","chr":"14","s":36900000,"e":41000000,"tag":"gpos100","band":"21","subband":"1"},{"arm":"Q","chr":"14","s":41000000,"e":43200000,"tag":"gneg","band":"21","subband":"2"},{"arm":"Q","chr":"14","s":43200000,"e":48300000,"tag":"gpos100","band":"21","subband":"3"},{"arm":"Q","chr":"14","s":48300000,"e":52300000,"tag":"gneg","band":"22","subband":"1"},{"arm":"Q","chr":"14","s":52300000,"e":54400000,"tag":"gpos25","band":"22","subband":"2"},{"arm":"Q","chr":"14","s":54400000,"e":55800000,"tag":"gneg","band":"22","subband":"3"},{"arm":"Q","chr":"14","s":55800000,"e":61200000,"tag":"gpos75","band":"23","subband":"1"},{"arm":"Q","chr":"14","s":61200000,"e":64000000,"tag":"gneg","band":"23","subband":"2"},{"arm":"Q","chr":"14","s":64000000,"e":67000000,"tag":"gpos50","band":"23","subband":"3"},{"arm":"Q","chr":"14","s":67000000,"e":69300000,"tag":"gneg","band":"24","subband":"1"},{"arm":"Q","chr":"14","s":69300000,"e":72900000,"tag":"gpos50","band":"24","subband":"2"},{"arm":"Q","chr":"14","s":72900000,"e":78400000,"tag":"gneg","band":"24","subband":"3"},{"arm":"Q","chr":"14","s":78400000,"e":82600000,"tag":"gpos100","band":"31","subband":"1"},{"arm":"Q","chr":"14","s":82600000,"e":84000000,"tag":"gneg","band":"31","subband":"2"},{"arm":"Q","chr":"14","s":84000000,"e":88900000,"tag":"gpos100","band":"31","subband":"3"},{"arm":"Q","chr":"14","s":88900000,"e":90500000,"tag":"gneg","band":"32","subband":"11"},{"arm":"Q","chr":"14","s":90500000,"e":92800000,"tag":"gpos25","band":"32","subband":"12"},{"arm":"Q","chr":"14","s":92800000,"e":95400000,"tag":"gneg","band":"32","subband":"13"},{"arm":"Q","chr":"14","s":95400000,"e":100400000,"tag":"gpos50","band":"32","subband":"2"},{"arm":"Q","chr":"14","s":100400000,"e":102200000,"tag":"gneg","band":"32","subband":"31"},{"arm":"Q","chr":"14","s":102200000,"e":103000000,"tag":"gpos50","band":"32","subband":"32"},{"arm":"Q","chr":"14","s":103000000,"e":106368585,"tag":"gneg","band":"32","subband":"33"},{"arm":"P","chr":"15","s":0,"e":3500000,"tag":"gvar","band":"13"},{"arm":"P","chr":"15","s":3500000,"e":7900000,"tag":"stalk","band":"12"},{"arm":"P","chr":"15","s":7900000,"e":14100000,"tag":"gvar","band":"11","subband":"2"},{"arm":"P","chr":"15","s":14100000,"e":17000000,"tag":"acen","band":"11","subband":"1"},{"arm":"Q","chr":"15","s":17000000,"e":18400000,"tag":"acen","band":"11","subband":"1"},{"arm":"Q","chr":"15","s":18400000,"e":23300000,"tag":"gneg","band":"11","subband":"2"},{"arm":"Q","chr":"15","s":31400000,"e":37900000,"tag":"gpos75","band":"14"},{"arm":"Q","chr":"15","s":37900000,"e":40700000,"tag":"gneg","band":"15","subband":"1"},{"arm":"Q","chr":"15","s":40700000,"e":41400000,"tag":"gpos25","band":"15","subband":"2"},{"arm":"Q","chr":"15","s":41400000,"e":42700000,"tag":"gneg","band":"15","subband":"3"},{"arm":"Q","chr":"15","s":42700000,"e":47600000,"tag":"gpos75","band":"21","subband":"1"},{"arm":"Q","chr":"15","s":47600000,"e":51100000,"tag":"gneg","band":"21","subband":"2"},{"arm":"Q","chr":"15","s":51100000,"e":55800000,"tag":"gpos75","band":"21","subband":"3"},{"arm":"Q","chr":"15","s":55800000,"e":57100000,"tag":"gneg","band":"22","subband":"1"},{"arm":"Q","chr":"15","s":57100000,"e":61500000,"tag":"gpos25","band":"22","subband":"2"},{"arm":"Q","chr":"15","s":61500000,"e":64900000,"tag":"gneg","band":"22","subband":"31"},{"arm":"Q","chr":"15","s":64900000,"e":65000000,"tag":"gpos25","band":"22","subband":"32"},{"arm":"Q","chr":"15","s":65000000,"e":65300000,"tag":"gneg","band":"22","subband":"33"},{"arm":"Q","chr":"15","s":23300000,"e":25700000,"tag":"gpos50","band":"12"},{"arm":"Q","chr":"15","s":25700000,"e":28000000,"tag":"gneg","band":"13","subband":"1"},{"arm":"Q","chr":"15","s":28000000,"e":29000000,"tag":"gpos50","band":"13","subband":"2"},{"arm":"Q","chr":"15","s":29000000,"e":31400000,"tag":"gneg","band":"13","subband":"3"},{"arm":"Q","chr":"15","s":65300000,"e":70400000,"tag":"gpos25","band":"23"},{"arm":"Q","chr":"15","s":70400000,"e":73100000,"tag":"gneg","band":"24","subband":"1"},{"arm":"Q","chr":"15","s":73100000,"e":74400000,"tag":"gpos25","band":"24","subband":"2"},{"arm":"Q","chr":"15","s":74400000,"e":76100000,"tag":"gneg","band":"24","subband":"3"},{"arm":"Q","chr":"15","s":76100000,"e":79500000,"tag":"gpos50","band":"25","subband":"1"},{"arm":"Q","chr":"15","s":79500000,"e":83000000,"tag":"gneg","band":"25","subband":"2"},{"arm":"Q","chr":"15","s":83000000,"e":86900000,"tag":"gpos50","band":"25","subband":"3"},{"arm":"Q","chr":"15","s":86900000,"e":92100000,"tag":"gneg","band":"26","subband":"1"},{"arm":"Q","chr":"15","s":92100000,"e":96300000,"tag":"gpos50","band":"26","subband":"2"},{"arm":"Q","chr":"15","s":96300000,"e":100338915,"tag":"gneg","band":"26","subband":"3"},{"arm":"P","chr":"16","s":0,"e":6300000,"tag":"gneg","band":"13","subband":"3"},{"arm":"P","chr":"16","s":6300000,"e":10300000,"tag":"gpos50","band":"13","subband":"2"},{"arm":"P","chr":"16","s":10300000,"e":12500000,"tag":"gneg","band":"13","subband":"13"},{"arm":"P","chr":"16","s":12500000,"e":14700000,"tag":"gpos50","band":"13","subband":"12"},{"arm":"P","chr":"16","s":14700000,"e":16700000,"tag":"gneg","band":"13","subband":"11"},{"arm":"P","chr":"16","s":16700000,"e":20500000,"tag":"gpos50","band":"12","subband":"3"},{"arm":"P","chr":"16","s":20500000,"e":21700000,"tag":"gneg","band":"12","subband":"2"},{"arm":"P","chr":"16","s":21700000,"e":27600000,"tag":"gpos50","band":"12","subband":"1"},{"arm":"P","chr":"16","s":27600000,"e":34400000,"tag":"gneg","band":"11","subband":"2"},{"arm":"P","chr":"16","s":34400000,"e":38200000,"tag":"acen","band":"11","subband":"1"},{"arm":"Q","chr":"16","s":38200000,"e":40700000,"tag":"acen","band":"11","subband":"1"},{"arm":"Q","chr":"16","s":40700000,"e":45500000,"tag":"gvar","band":"11","subband":"2"},{"arm":"Q","chr":"16","s":45500000,"e":51200000,"tag":"gneg","band":"12","subband":"1"},{"arm":"Q","chr":"16","s":51200000,"e":54500000,"tag":"gpos50","band":"12","subband":"2"},{"arm":"Q","chr":"16","s":54500000,"e":56700000,"tag":"gneg","band":"13"},{"arm":"Q","chr":"16","s":56700000,"e":65200000,"tag":"gpos100","band":"21"},{"arm":"Q","chr":"16","s":65200000,"e":69400000,"tag":"gneg","band":"22","subband":"1"},{"arm":"Q","chr":"16","s":69400000,"e":69800000,"tag":"gpos50","band":"22","subband":"2"},{"arm":"Q","chr":"16","s":69800000,"e":73300000,"tag":"gneg","band":"22","subband":"3"},{"arm":"Q","chr":"16","s":73300000,"e":78200000,"tag":"gpos75","band":"23","subband":"1"},{"arm":"Q","chr":"16","s":78200000,"e":80500000,"tag":"gneg","band":"23","subband":"2"},{"arm":"Q","chr":"16","s":80500000,"e":82700000,"tag":"gpos50","band":"23","subband":"3"},{"arm":"Q","chr":"16","s":82700000,"e":85600000,"tag":"gneg","band":"24","subband":"1"},{"arm":"Q","chr":"16","s":85600000,"e":87200000,"tag":"gpos25","band":"24","subband":"2"},{"arm":"Q","chr":"16","s":87200000,"e":88827254,"tag":"gneg","band":"24","subband":"3"},{"arm":"P","chr":"17","s":0,"e":3600000,"tag":"gneg","band":"13","subband":"3"},{"arm":"P","chr":"17","s":3600000,"e":6800000,"tag":"gpos50","band":"13","subband":"2"},{"arm":"P","chr":"17","s":6800000,"e":11200000,"tag":"gneg","band":"13","subband":"1"},{"arm":"P","chr":"17","s":11200000,"e":15900000,"tag":"gpos75","band":"12"},{"arm":"P","chr":"17","s":15900000,"e":22100000,"tag":"gneg","band":"11","subband":"2"},{"arm":"P","chr":"17","s":22100000,"e":22200000,"tag":"acen","band":"11","subband":"1"},{"arm":"Q","chr":"17","s":22200000,"e":23200000,"tag":"acen","band":"11","subband":"1"},{"arm":"Q","chr":"17","s":23200000,"e":28800000,"tag":"gneg","band":"11","subband":"2"},{"arm":"Q","chr":"17","s":28800000,"e":35400000,"tag":"gpos50","band":"12"},{"arm":"Q","chr":"17","s":35400000,"e":35600000,"tag":"gneg","band":"21","subband":"1"},{"arm":"Q","chr":"17","s":35600000,"e":37800000,"tag":"gpos25","band":"21","subband":"2"},{"arm":"Q","chr":"17","s":37800000,"e":41900000,"tag":"gneg","band":"21","subband":"31"},{"arm":"Q","chr":"17","s":41900000,"e":44800000,"tag":"gpos25","band":"21","subband":"32"},{"arm":"Q","chr":"17","s":44800000,"e":47600000,"tag":"gneg","band":"21","subband":"33"},{"arm":"P","chr":"19","s":19800000,"e":26700000,"tag":"gvar","band":"12"},{"arm":"Q","chr":"17","s":47600000,"e":54900000,"tag":"gpos75","band":"22"},{"arm":"P","chr":"19","s":26700000,"e":28500000,"tag":"acen","band":"11"},{"arm":"Q","chr":"17","s":54900000,"e":55600000,"tag":"gneg","band":"23","subband":"1"},{"arm":"Q","chr":"17","s":55600000,"e":58400000,"tag":"gpos75","band":"23","subband":"2"},{"arm":"Q","chr":"17","s":58400000,"e":59900000,"tag":"gneg","band":"23","subband":"3"},{"arm":"Q","chr":"17","s":59900000,"e":61600000,"tag":"gpos50","band":"24","subband":"1"},{"arm":"Q","chr":"17","s":61600000,"e":64600000,"tag":"gneg","band":"24","subband":"2"},{"arm":"Q","chr":"17","s":64600000,"e":68400000,"tag":"gpos75","band":"24","subband":"3"},{"arm":"Q","chr":"18","s":71300000,"e":76117153,"tag":"gneg","band":"23"},{"arm":"Q","chr":"17","s":68400000,"e":72200000,"tag":"gneg","band":"25","subband":"1"},{"arm":"Q","chr":"17","s":72200000,"e":72900000,"tag":"gpos25","band":"25","subband":"2"},{"arm":"Q","chr":"17","s":72900000,"e":78774742,"tag":"gneg","band":"25","subband":"3"},{"arm":"P","chr":"19","s":0,"e":6900000,"tag":"gneg","band":"13","subband":"3"},{"arm":"P","chr":"18","s":0,"e":2900000,"tag":"gneg","band":"11","subband":"32"},{"arm":"P","chr":"19","s":6900000,"e":12600000,"tag":"gpos25","band":"13","subband":"2"},{"arm":"P","chr":"18","s":2900000,"e":7200000,"tag":"gpos50","band":"11","subband":"31"},{"arm":"P","chr":"19","s":12600000,"e":13800000,"tag":"gneg","band":"13","subband":"13"},{"arm":"P","chr":"18","s":7200000,"e":8500000,"tag":"gneg","band":"11","subband":"23"},{"arm":"P","chr":"19","s":13800000,"e":16100000,"tag":"gpos25","band":"13","subband":"12"},{"arm":"P","chr":"18","s":8500000,"e":10900000,"tag":"gpos25","band":"11","subband":"22"},{"arm":"P","chr":"19","s":16100000,"e":19800000,"tag":"gneg","band":"13","subband":"11"},{"arm":"P","chr":"18","s":10900000,"e":15400000,"tag":"gneg","band":"11","subband":"21"},{"arm":"P","chr":"18","s":15400000,"e":16100000,"tag":"acen","band":"11","subband":"1"},{"arm":"Q","chr":"18","s":16100000,"e":17300000,"tag":"acen","band":"11","subband":"1"},{"arm":"Q","chr":"18","s":17300000,"e":23300000,"tag":"gneg","band":"11","subband":"2"},{"arm":"Q","chr":"18","s":23300000,"e":31000000,"tag":"gpos100","band":"12","subband":"1"},{"arm":"Q","chr":"18","s":31000000,"e":35500000,"tag":"gneg","band":"12","subband":"2"},{"arm":"Q","chr":"18","s":35500000,"e":41800000,"tag":"gpos75","band":"12","subband":"3"},{"arm":"Q","chr":"18","s":41800000,"e":46400000,"tag":"gneg","band":"21","subband":"1"},{"arm":"Q","chr":"18","s":46400000,"e":52000000,"tag":"gpos75","band":"21","subband":"2"},{"arm":"Q","chr":"18","s":52000000,"e":54400000,"tag":"gneg","band":"21","subband":"31"},{"arm":"Q","chr":"18","s":54400000,"e":57100000,"tag":"gpos50","band":"21","subband":"32"},{"arm":"Q","chr":"18","s":57100000,"e":59800000,"tag":"gneg","band":"21","subband":"33"},{"arm":"Q","chr":"18","s":59800000,"e":64900000,"tag":"gpos100","band":"22","subband":"1"},{"arm":"Q","chr":"18","s":64900000,"e":66900000,"tag":"gneg","band":"22","subband":"2"},{"arm":"Q","chr":"18","s":66900000,"e":71300000,"tag":"gpos25","band":"22","subband":"3"},{"arm":"Q","chr":"19","s":28500000,"e":30200000,"tag":"acen","band":"11"},{"arm":"Q","chr":"19","s":30200000,"e":37100000,"tag":"gvar","band":"12"},{"arm":"P","chr":"2","s":61100000,"e":64000000,"tag":"gneg","band":"15"},{"arm":"P","chr":"2","s":64000000,"e":70500000,"tag":"gpos50","band":"14"},{"arm":"P","chr":"2","s":41600000,"e":47600000,"tag":"gneg","band":"21"},{"arm":"P","chr":"2","s":47600000,"e":52700000,"tag":"gpos100","band":"16","subband":"3"},{"arm":"P","chr":"2","s":52700000,"e":54800000,"tag":"gneg","band":"16","subband":"2"},{"arm":"P","chr":"2","s":54800000,"e":61100000,"tag":"gpos100","band":"16","subband":"1"},{"arm":"Q","chr":"19","s":37100000,"e":40300000,"tag":"gneg","band":"13","subband":"11"},{"arm":"Q","chr":"19","s":40300000,"e":43000000,"tag":"gpos25","band":"13","subband":"12"},{"arm":"Q","chr":"19","s":43000000,"e":43400000,"tag":"gneg","band":"13","subband":"13"},{"arm":"Q","chr":"19","s":43400000,"e":47800000,"tag":"gpos25","band":"13","subband":"2"},{"arm":"Q","chr":"19","s":47800000,"e":50000000,"tag":"gneg","band":"13","subband":"31"},{"arm":"Q","chr":"19","s":50000000,"e":53800000,"tag":"gpos25","band":"13","subband":"32"},{"arm":"Q","chr":"19","s":53800000,"e":57600000,"tag":"gneg","band":"13","subband":"33"},{"arm":"Q","chr":"19","s":57600000,"e":59100000,"tag":"gpos25","band":"13","subband":"41"},{"arm":"Q","chr":"19","s":59100000,"e":61400000,"tag":"gneg","band":"13","subband":"42"},{"arm":"Q","chr":"19","s":61400000,"e":63811651,"tag":"gpos25","band":"13","subband":"43"},{"arm":"P","chr":"2","s":0,"e":4300000,"tag":"gneg","band":"25","subband":"3"},{"arm":"P","chr":"2","s":4300000,"e":7000000,"tag":"gpos50","band":"25","subband":"2"},{"arm":"P","chr":"2","s":7000000,"e":12800000,"tag":"gneg","band":"25","subband":"1"},{"arm":"P","chr":"2","s":12800000,"e":17000000,"tag":"gpos75","band":"24","subband":"3"},{"arm":"P","chr":"2","s":17000000,"e":19100000,"tag":"gneg","band":"24","subband":"2"},{"arm":"P","chr":"2","s":19100000,"e":23900000,"tag":"gpos75","band":"24","subband":"1"},{"arm":"P","chr":"2","s":23900000,"e":27700000,"tag":"gneg","band":"23","subband":"3"},{"arm":"P","chr":"2","s":27700000,"e":29800000,"tag":"gpos25","band":"23","subband":"2"},{"arm":"P","chr":"2","s":29800000,"e":31900000,"tag":"gneg","band":"23","subband":"1"},{"arm":"P","chr":"2","s":31900000,"e":36400000,"tag":"gpos75","band":"22","subband":"3"},{"arm":"P","chr":"2","s":36400000,"e":38400000,"tag":"gneg","band":"22","subband":"2"},{"arm":"P","chr":"2","s":38400000,"e":41600000,"tag":"gpos50","band":"22","subband":"1"},{"arm":"P","chr":"2","s":70500000,"e":72600000,"tag":"gneg","band":"13","subband":"3"},{"arm":"P","chr":"2","s":72600000,"e":73900000,"tag":"gpos50","band":"13","subband":"2"},{"arm":"P","chr":"2","s":73900000,"e":75400000,"tag":"gneg","band":"13","subband":"1"},{"arm":"P","chr":"2","s":75400000,"e":83700000,"tag":"gpos100","band":"12"},{"arm":"P","chr":"2","s":83700000,"e":91000000,"tag":"gneg","band":"11","subband":"2"},{"arm":"P","chr":"2","s":91000000,"e":93300000,"tag":"acen","band":"11","subband":"1"},{"arm":"Q","chr":"2","s":93300000,"e":95700000,"tag":"acen","band":"11","subband":"1"},{"arm":"Q","chr":"2","s":95700000,"e":102100000,"tag":"gneg","band":"11","subband":"2"},{"arm":"Q","chr":"2","s":102100000,"e":105300000,"tag":"gpos50","band":"12","subband":"1"},{"arm":"Q","chr":"2","s":105300000,"e":106700000,"tag":"gneg","band":"12","subband":"2"},{"arm":"Q","chr":"2","s":106700000,"e":108600000,"tag":"gpos25","band":"12","subband":"3"},{"arm":"Q","chr":"2","s":108600000,"e":113800000,"tag":"gneg","band":"13"},{"arm":"Q","chr":"2","s":209100000,"e":215100000,"tag":"gpos100","band":"34"},{"arm":"Q","chr":"2","s":113800000,"e":118600000,"tag":"gpos50","band":"14","subband":"1"},{"arm":"Q","chr":"2","s":215100000,"e":221300000,"tag":"gneg","band":"35"},{"arm":"Q","chr":"2","s":118600000,"e":122100000,"tag":"gneg","band":"14","subband":"2"},{"arm":"Q","chr":"2","s":122100000,"e":129600000,"tag":"gpos50","band":"14","subband":"3"},{"arm":"Q","chr":"2","s":129600000,"e":132200000,"tag":"gneg","band":"21","subband":"1"},{"arm":"Q","chr":"2","s":132200000,"e":134800000,"tag":"gpos25","band":"21","subband":"2"},{"arm":"Q","chr":"2","s":134800000,"e":136600000,"tag":"gneg","band":"21","subband":"3"},{"arm":"Q","chr":"2","s":136600000,"e":142400000,"tag":"gpos100","band":"22","subband":"1"},{"arm":"Q","chr":"2","s":142400000,"e":144700000,"tag":"gneg","band":"22","subband":"2"},{"arm":"Q","chr":"2","s":144700000,"e":148400000,"tag":"gpos100","band":"22","subband":"3"},{"arm":"Q","chr":"2","s":148400000,"e":149600000,"tag":"gneg","band":"23","subband":"1"},{"arm":"Q","chr":"2","s":149600000,"e":150300000,"tag":"gpos25","band":"23","subband":"2"},{"arm":"Q","chr":"2","s":150300000,"e":154600000,"tag":"gneg","band":"23","subband":"3"},{"arm":"Q","chr":"2","s":154600000,"e":159600000,"tag":"gpos75","band":"24","subband":"1"},{"arm":"Q","chr":"2","s":159600000,"e":163500000,"tag":"gneg","band":"24","subband":"2"},{"arm":"Q","chr":"2","s":163500000,"e":169500000,"tag":"gpos75","band":"24","subband":"3"},{"arm":"Q","chr":"2","s":169500000,"e":177700000,"tag":"gneg","band":"31","subband":"1"},{"arm":"Q","chr":"2","s":177700000,"e":180400000,"tag":"gpos50","band":"31","subband":"2"},{"arm":"Q","chr":"2","s":180400000,"e":182700000,"tag":"gneg","band":"31","subband":"3"},{"arm":"Q","chr":"2","s":182700000,"e":189100000,"tag":"gpos75","band":"32","subband":"1"},{"arm":"Q","chr":"2","s":189100000,"e":191600000,"tag":"gneg","band":"32","subband":"2"},{"arm":"Q","chr":"2","s":191600000,"e":197100000,"tag":"gpos75","band":"32","subband":"3"},{"arm":"Q","chr":"2","s":197100000,"e":203500000,"tag":"gneg","band":"33","subband":"1"},{"arm":"Q","chr":"2","s":203500000,"e":205600000,"tag":"gpos50","band":"33","subband":"2"},{"arm":"Q","chr":"2","s":205600000,"e":209100000,"tag":"gneg","band":"33","subband":"3"},{"arm":"Q","chr":"2","s":221300000,"e":224900000,"tag":"gpos75","band":"36","subband":"1"},{"arm":"Q","chr":"2","s":224900000,"e":225800000,"tag":"gneg","band":"36","subband":"2"},{"arm":"Q","chr":"2","s":225800000,"e":230700000,"tag":"gpos100","band":"36","subband":"3"},{"arm":"Q","chr":"2","s":230700000,"e":235300000,"tag":"gneg","band":"37","subband":"1"},{"arm":"Q","chr":"2","s":235300000,"e":237000000,"tag":"gpos50","band":"37","subband":"2"},{"arm":"Q","chr":"2","s":237000000,"e":242951149,"tag":"gneg","band":"37","subband":"3"},{"arm":"P","chr":"20","s":0,"e":5000000,"tag":"gneg","band":"13"},{"arm":"P","chr":"20","s":5000000,"e":9000000,"tag":"gpos75","band":"12","subband":"3"},{"arm":"P","chr":"20","s":9000000,"e":11900000,"tag":"gneg","band":"12","subband":"2"},{"arm":"P","chr":"20","s":11900000,"e":17800000,"tag":"gpos75","band":"12","subband":"1"},{"arm":"P","chr":"20","s":17800000,"e":21200000,"tag":"gneg","band":"11","subband":"23"},{"arm":"P","chr":"20","s":21200000,"e":22300000,"tag":"gpos25","band":"11","subband":"22"},{"arm":"P","chr":"20","s":22300000,"e":25700000,"tag":"gneg","band":"11","subband":"21"},{"arm":"P","chr":"20","s":25700000,"e":27100000,"tag":"acen","band":"11","subband":"1"},{"arm":"Q","chr":"20","s":27100000,"e":28400000,"tag":"acen","band":"11","subband":"1"},{"arm":"Q","chr":"20","s":28400000,"e":31500000,"tag":"gneg","band":"11","subband":"21"},{"arm":"Q","chr":"20","s":31500000,"e":33900000,"tag":"gpos25","band":"11","subband":"22"},{"arm":"Q","chr":"20","s":33900000,"e":37100000,"tag":"gneg","band":"11","subband":"23"},{"arm":"P","chr":"22","s":0,"e":3000000,"tag":"gvar","band":"13"},{"arm":"Q","chr":"20","s":37100000,"e":41100000,"tag":"gpos75","band":"12"},{"arm":"Q","chr":"20","s":41100000,"e":41600000,"tag":"gneg","band":"13","subband":"11"},{"arm":"P","chr":"22","s":3000000,"e":6600000,"tag":"stalk","band":"12"},{"arm":"Q","chr":"20","s":41600000,"e":45800000,"tag":"gpos25","band":"13","subband":"12"},{"arm":"Q","chr":"20","s":45800000,"e":49200000,"tag":"gneg","band":"13","subband":"13"},{"arm":"Q","chr":"20","s":49200000,"e":54400000,"tag":"gpos75","band":"13","subband":"2"},{"arm":"Q","chr":"20","s":54400000,"e":55900000,"tag":"gneg","band":"13","subband":"31"},{"arm":"Q","chr":"20","s":55900000,"e":57900000,"tag":"gpos50","band":"13","subband":"32"},{"arm":"Q","chr":"20","s":57900000,"e":62435964,"tag":"gneg","band":"13","subband":"33"},{"arm":"P","chr":"21","s":0,"e":2900000,"tag":"gvar","band":"13"},{"arm":"P","chr":"21","s":2900000,"e":6300000,"tag":"stalk","band":"12"},{"arm":"P","chr":"21","s":6300000,"e":10000000,"tag":"gvar","band":"11","subband":"2"},{"arm":"P","chr":"21","s":10000000,"e":12300000,"tag":"acen","band":"11","subband":"1"},{"arm":"Q","chr":"21","s":12300000,"e":13200000,"tag":"acen","band":"11","subband":"1"},{"arm":"Q","chr":"21","s":13200000,"e":15300000,"tag":"gneg","band":"11","subband":"2"},{"arm":"Q","chr":"21","s":15300000,"e":22900000,"tag":"gpos100","band":"21","subband":"1"},{"arm":"Q","chr":"21","s":22900000,"e":25800000,"tag":"gneg","band":"21","subband":"2"},{"arm":"Q","chr":"21","s":25800000,"e":30500000,"tag":"gpos75","band":"21","subband":"3"},{"arm":"Q","chr":"21","s":30500000,"e":34700000,"tag":"gneg","band":"22","subband":"11"},{"arm":"Q","chr":"21","s":34700000,"e":36700000,"tag":"gpos50","band":"22","subband":"12"},{"arm":"Q","chr":"21","s":36700000,"e":38600000,"tag":"gneg","band":"22","subband":"13"},{"arm":"Q","chr":"21","s":38600000,"e":41400000,"tag":"gpos50","band":"22","subband":"2"},{"arm":"Q","chr":"21","s":41400000,"e":46944323,"tag":"gneg","band":"22","subband":"3"},{"arm":"P","chr":"3","s":30800000,"e":32100000,"tag":"gneg","band":"23"},{"arm":"P","chr":"3","s":32100000,"e":36500000,"tag":"gpos50","band":"22","subband":"3"},{"arm":"P","chr":"3","s":36500000,"e":39300000,"tag":"gneg","band":"22","subband":"2"},{"arm":"P","chr":"3","s":39300000,"e":43600000,"tag":"gpos75","band":"22","subband":"1"},{"arm":"P","chr":"3","s":43600000,"e":44400000,"tag":"gneg","band":"21","subband":"33"},{"arm":"P","chr":"3","s":44400000,"e":44700000,"tag":"gpos50","band":"21","subband":"32"},{"arm":"P","chr":"3","s":44700000,"e":51400000,"tag":"gneg","band":"21","subband":"31"},{"arm":"P","chr":"3","s":51400000,"e":51700000,"tag":"gpos25","band":"21","subband":"2"},{"arm":"P","chr":"3","s":51700000,"e":54400000,"tag":"gneg","band":"21","subband":"1"},{"arm":"P","chr":"3","s":54400000,"e":58500000,"tag":"gpos50","band":"14","subband":"3"},{"arm":"Q","chr":"3","s":140400000,"e":144400000,"tag":"gneg","band":"23"},{"arm":"P","chr":"3","s":58500000,"e":63700000,"tag":"gneg","band":"14","subband":"2"},{"arm":"P","chr":"3","s":63700000,"e":71800000,"tag":"gpos50","band":"14","subband":"1"},{"arm":"Q","chr":"3","s":144400000,"e":150400000,"tag":"gpos100","band":"24"},{"arm":"P","chr":"22","s":6600000,"e":9600000,"tag":"gvar","band":"11","subband":"2"},{"arm":"P","chr":"22","s":9600000,"e":11800000,"tag":"acen","band":"11","subband":"1"},{"arm":"Q","chr":"22","s":11800000,"e":16300000,"tag":"acen","band":"11","subband":"1"},{"arm":"Q","chr":"22","s":16300000,"e":20500000,"tag":"gneg","band":"11","subband":"21"},{"arm":"Q","chr":"22","s":20500000,"e":21800000,"tag":"gpos25","band":"11","subband":"22"},{"arm":"Q","chr":"22","s":21800000,"e":24300000,"tag":"gneg","band":"11","subband":"23"},{"arm":"Q","chr":"22","s":24300000,"e":27900000,"tag":"gpos50","band":"12","subband":"1"},{"arm":"Q","chr":"22","s":27900000,"e":30500000,"tag":"gneg","band":"12","subband":"2"},{"arm":"Q","chr":"22","s":30500000,"e":35900000,"tag":"gpos50","band":"12","subband":"3"},{"arm":"Q","chr":"22","s":35900000,"e":39300000,"tag":"gneg","band":"13","subband":"1"},{"arm":"Q","chr":"22","s":39300000,"e":42600000,"tag":"gpos50","band":"13","subband":"2"},{"arm":"Q","chr":"22","s":42600000,"e":47000000,"tag":"gneg","band":"13","subband":"31"},{"arm":"Q","chr":"22","s":47000000,"e":48200000,"tag":"gpos50","band":"13","subband":"32"},{"arm":"Q","chr":"22","s":48200000,"e":49691432,"tag":"gneg","band":"13","subband":"33"},{"arm":"P","chr":"3","s":0,"e":3500000,"tag":"gpos50","band":"26","subband":"3"},{"arm":"P","chr":"3","s":3500000,"e":5500000,"tag":"gneg","band":"26","subband":"2"},{"arm":"P","chr":"3","s":5500000,"e":8700000,"tag":"gpos50","band":"26","subband":"1"},{"arm":"P","chr":"3","s":8700000,"e":11500000,"tag":"gneg","band":"25","subband":"3"},{"arm":"P","chr":"3","s":11500000,"e":12400000,"tag":"gpos25","band":"25","subband":"2"},{"arm":"P","chr":"3","s":12400000,"e":14700000,"tag":"gneg","band":"25","subband":"1"},{"arm":"P","chr":"3","s":14700000,"e":23800000,"tag":"gpos100","band":"24","subband":"3"},{"arm":"P","chr":"3","s":23800000,"e":26400000,"tag":"gneg","band":"24","subband":"2"},{"arm":"P","chr":"3","s":26400000,"e":30800000,"tag":"gpos75","band":"24","subband":"1"},{"arm":"P","chr":"3","s":71800000,"e":74200000,"tag":"gneg","band":"13"},{"arm":"P","chr":"3","s":74200000,"e":81800000,"tag":"gpos75","band":"12","subband":"3"},{"arm":"P","chr":"3","s":81800000,"e":83700000,"tag":"gneg","band":"12","subband":"2"},{"arm":"P","chr":"3","s":83700000,"e":87200000,"tag":"gpos75","band":"12","subband":"1"},{"arm":"P","chr":"3","s":87200000,"e":89400000,"tag":"gneg","band":"11","subband":"2"},{"arm":"P","chr":"3","s":89400000,"e":91700000,"tag":"acen","band":"11","subband":"1"},{"arm":"Q","chr":"3","s":91700000,"e":93200000,"tag":"acen","band":"11","subband":"1"},{"arm":"Q","chr":"3","s":93200000,"e":99800000,"tag":"gvar","band":"11","subband":"2"},{"arm":"Q","chr":"3","s":99800000,"e":101500000,"tag":"gneg","band":"12","subband":"1"},{"arm":"Q","chr":"3","s":101500000,"e":102500000,"tag":"gpos25","band":"12","subband":"2"},{"arm":"Q","chr":"3","s":102500000,"e":104400000,"tag":"gneg","band":"12","subband":"3"},{"arm":"Q","chr":"3","s":104400000,"e":107800000,"tag":"gpos75","band":"13","subband":"11"},{"arm":"Q","chr":"3","s":107800000,"e":109500000,"tag":"gneg","band":"13","subband":"12"},{"arm":"Q","chr":"3","s":109500000,"e":112800000,"tag":"gpos50","band":"13","subband":"13"},{"arm":"Q","chr":"3","s":112800000,"e":115000000,"tag":"gneg","band":"13","subband":"2"},{"arm":"Q","chr":"3","s":115000000,"e":118800000,"tag":"gpos75","band":"13","subband":"31"},{"arm":"Q","chr":"3","s":118800000,"e":120500000,"tag":"gneg","band":"13","subband":"32"},{"arm":"Q","chr":"3","s":120500000,"e":123400000,"tag":"gpos75","band":"13","subband":"33"},{"arm":"Q","chr":"3","s":123400000,"e":125400000,"tag":"gneg","band":"21","subband":"1"},{"arm":"Q","chr":"3","s":125400000,"e":127700000,"tag":"gpos25","band":"21","subband":"2"},{"arm":"Q","chr":"3","s":127700000,"e":131500000,"tag":"gneg","band":"21","subband":"3"},{"arm":"Q","chr":"3","s":131500000,"e":135700000,"tag":"gpos25","band":"22","subband":"1"},{"arm":"Q","chr":"3","s":135700000,"e":137400000,"tag":"gneg","band":"22","subband":"2"},{"arm":"Q","chr":"3","s":137400000,"e":140400000,"tag":"gpos25","band":"22","subband":"3"},{"arm":"Q","chr":"3","s":189400000,"e":193800000,"tag":"gpos75","band":"28"},{"arm":"Q","chr":"3","s":150400000,"e":153500000,"tag":"gneg","band":"25","subband":"1"},{"arm":"Q","chr":"3","s":193800000,"e":199501827,"tag":"gneg","band":"29"},{"arm":"Q","chr":"3","s":153500000,"e":156300000,"tag":"gpos50","band":"25","subband":"2"},{"arm":"Q","chr":"3","s":156300000,"e":158100000,"tag":"gneg","band":"25","subband":"31"},{"arm":"Q","chr":"3","s":158100000,"e":159900000,"tag":"gpos50","band":"25","subband":"32"},{"arm":"Q","chr":"3","s":159900000,"e":161200000,"tag":"gneg","band":"25","subband":"33"},{"arm":"Q","chr":"3","s":161200000,"e":169200000,"tag":"gpos100","band":"26","subband":"1"},{"arm":"Q","chr":"3","s":169200000,"e":172500000,"tag":"gneg","band":"26","subband":"2"},{"arm":"Q","chr":"3","s":172500000,"e":177300000,"tag":"gpos75","band":"26","subband":"31"},{"arm":"Q","chr":"3","s":177300000,"e":180600000,"tag":"gneg","band":"26","subband":"32"},{"arm":"Q","chr":"3","s":180600000,"e":184200000,"tag":"gpos75","band":"26","subband":"33"},{"arm":"Q","chr":"3","s":184200000,"e":186000000,"tag":"gneg","band":"27","subband":"1"},{"arm":"Q","chr":"3","s":186000000,"e":187500000,"tag":"gpos25","band":"27","subband":"2"},{"arm":"Q","chr":"3","s":187500000,"e":189400000,"tag":"gneg","band":"27","subband":"3"},{"arm":"P","chr":"4","s":35500000,"e":40900000,"tag":"gneg","band":"14"},{"arm":"P","chr":"4","s":40900000,"e":45600000,"tag":"gpos50","band":"13"},{"arm":"P","chr":"4","s":45600000,"e":48700000,"tag":"gneg","band":"12"},{"arm":"P","chr":"4","s":48700000,"e":50700000,"tag":"acen","band":"11"},{"arm":"P","chr":"4","s":0,"e":3100000,"tag":"gneg","band":"16","subband":"3"},{"arm":"P","chr":"4","s":3100000,"e":5200000,"tag":"gpos25","band":"16","subband":"2"},{"arm":"P","chr":"4","s":5200000,"e":10900000,"tag":"gneg","band":"16","subband":"1"},{"arm":"P","chr":"4","s":10900000,"e":15300000,"tag":"gpos50","band":"15","subband":"33"},{"arm":"P","chr":"4","s":15300000,"e":18500000,"tag":"gneg","band":"15","subband":"32"},{"arm":"P","chr":"4","s":18500000,"e":23100000,"tag":"gpos75","band":"15","subband":"31"},{"arm":"P","chr":"4","s":23100000,"e":27900000,"tag":"gneg","band":"15","subband":"2"},{"arm":"P","chr":"4","s":27900000,"e":35500000,"tag":"gpos100","band":"15","subband":"1"},{"arm":"Q","chr":"4","s":50700000,"e":52400000,"tag":"acen","band":"11"},{"arm":"Q","chr":"4","s":52400000,"e":59200000,"tag":"gneg","band":"12"},{"arm":"Q","chr":"4","s":59200000,"e":66300000,"tag":"gpos100","band":"13","subband":"1"},{"arm":"Q","chr":"4","s":66300000,"e":70400000,"tag":"gneg","band":"13","subband":"2"},{"arm":"Q","chr":"4","s":70400000,"e":76500000,"tag":"gpos75","band":"13","subband":"3"},{"arm":"Q","chr":"4","s":76500000,"e":79200000,"tag":"gneg","band":"21","subband":"1"},{"arm":"Q","chr":"4","s":79200000,"e":82600000,"tag":"gpos50","band":"21","subband":"21"},{"arm":"Q","chr":"4","s":82600000,"e":84300000,"tag":"gneg","band":"21","subband":"22"},{"arm":"Q","chr":"4","s":84300000,"e":87100000,"tag":"gpos25","band":"21","subband":"23"},{"arm":"Q","chr":"4","s":87100000,"e":88200000,"tag":"gneg","band":"21","subband":"3"},{"arm":"Q","chr":"4","s":88200000,"e":94000000,"tag":"gpos75","band":"22","subband":"1"},{"arm":"Q","chr":"4","s":94000000,"e":95400000,"tag":"gneg","band":"22","subband":"2"},{"arm":"Q","chr":"4","s":95400000,"e":99100000,"tag":"gpos75","band":"22","subband":"3"},{"arm":"Q","chr":"4","s":99100000,"e":102500000,"tag":"gneg","band":"23"},{"arm":"Q","chr":"4","s":102500000,"e":107900000,"tag":"gpos50","band":"24"},{"arm":"Q","chr":"4","s":107900000,"e":114100000,"tag":"gneg","band":"25"},{"arm":"Q","chr":"4","s":114100000,"e":120600000,"tag":"gpos75","band":"26"},{"arm":"Q","chr":"4","s":120600000,"e":124000000,"tag":"gneg","band":"27"},{"arm":"Q","chr":"4","s":124000000,"e":129100000,"tag":"gpos50","band":"28","subband":"1"},{"arm":"Q","chr":"4","s":129100000,"e":131300000,"tag":"gneg","band":"28","subband":"2"},{"arm":"Q","chr":"4","s":131300000,"e":139500000,"tag":"gpos100","band":"28","subband":"3"},{"arm":"Q","chr":"4","s":139500000,"e":141700000,"tag":"gneg","band":"31","subband":"1"},{"arm":"Q","chr":"4","s":141700000,"e":145000000,"tag":"gpos25","band":"31","subband":"21"},{"arm":"Q","chr":"4","s":145000000,"e":147700000,"tag":"gneg","band":"31","subband":"22"},{"arm":"Q","chr":"4","s":147700000,"e":151000000,"tag":"gpos25","band":"31","subband":"23"},{"arm":"Q","chr":"4","s":151000000,"e":155100000,"tag":"gneg","band":"31","subband":"3"},{"arm":"Q","chr":"4","s":155100000,"e":161500000,"tag":"gpos100","band":"32","subband":"1"},{"arm":"Q","chr":"4","s":161500000,"e":164500000,"tag":"gneg","band":"32","subband":"2"},{"arm":"Q","chr":"4","s":164500000,"e":170400000,"tag":"gpos100","band":"32","subband":"3"},{"arm":"P","chr":"5","s":42400000,"e":45800000,"tag":"gpos50","band":"12"},{"arm":"P","chr":"5","s":45800000,"e":47700000,"tag":"acen","band":"11"},{"arm":"Q","chr":"4","s":170400000,"e":172200000,"tag":"gneg","band":"33"},{"arm":"Q","chr":"4","s":172200000,"e":176600000,"tag":"gpos75","band":"34","subband":"1"},{"arm":"Q","chr":"4","s":176600000,"e":177800000,"tag":"gneg","band":"34","subband":"2"},{"arm":"Q","chr":"4","s":177800000,"e":182600000,"tag":"gpos100","band":"34","subband":"3"},{"arm":"Q","chr":"4","s":182600000,"e":187300000,"tag":"gneg","band":"35","subband":"1"},{"arm":"Q","chr":"4","s":187300000,"e":191273063,"tag":"gpos25","band":"35","subband":"2"},{"arm":"P","chr":"5","s":0,"e":4400000,"tag":"gneg","band":"15","subband":"33"},{"arm":"P","chr":"5","s":4400000,"e":6000000,"tag":"gpos25","band":"15","subband":"32"},{"arm":"P","chr":"5","s":6000000,"e":8200000,"tag":"gneg","band":"15","subband":"31"},{"arm":"P","chr":"5","s":8200000,"e":15100000,"tag":"gpos50","band":"15","subband":"2"},{"arm":"P","chr":"5","s":15100000,"e":18500000,"tag":"gneg","band":"15","subband":"1"},{"arm":"P","chr":"5","s":18500000,"e":23300000,"tag":"gpos100","band":"14","subband":"3"},{"arm":"P","chr":"5","s":23300000,"e":24700000,"tag":"gneg","band":"14","subband":"2"},{"arm":"P","chr":"5","s":24700000,"e":29300000,"tag":"gpos100","band":"14","subband":"1"},{"arm":"P","chr":"5","s":29300000,"e":34400000,"tag":"gneg","band":"13","subband":"3"},{"arm":"P","chr":"5","s":34400000,"e":38500000,"tag":"gpos25","band":"13","subband":"2"},{"arm":"P","chr":"5","s":38500000,"e":42400000,"tag":"gneg","band":"13","subband":"1"},{"arm":"Q","chr":"5","s":47700000,"e":50500000,"tag":"acen","band":"11","subband":"1"},{"arm":"Q","chr":"5","s":50500000,"e":58900000,"tag":"gneg","band":"11","subband":"2"},{"arm":"Q","chr":"5","s":58900000,"e":63000000,"tag":"gpos75","band":"12","subband":"1"},{"arm":"Q","chr":"5","s":63000000,"e":63700000,"tag":"gneg","band":"12","subband":"2"},{"arm":"Q","chr":"5","s":63700000,"e":66500000,"tag":"gpos75","band":"12","subband":"3"},{"arm":"Q","chr":"5","s":66500000,"e":68400000,"tag":"gneg","band":"13","subband":"1"},{"arm":"Q","chr":"5","s":68400000,"e":73300000,"tag":"gpos50","band":"13","subband":"2"},{"arm":"Q","chr":"5","s":73300000,"e":76400000,"tag":"gneg","band":"13","subband":"3"},{"arm":"Q","chr":"5","s":76400000,"e":81300000,"tag":"gpos50","band":"14","subband":"1"},{"arm":"Q","chr":"5","s":81300000,"e":82800000,"tag":"gneg","band":"14","subband":"2"},{"arm":"Q","chr":"5","s":82800000,"e":91900000,"tag":"gpos100","band":"14","subband":"3"},{"arm":"Q","chr":"5","s":91900000,"e":97300000,"tag":"gneg","band":"15"},{"arm":"Q","chr":"5","s":97300000,"e":102800000,"tag":"gpos100","band":"21","subband":"1"},{"arm":"Q","chr":"5","s":102800000,"e":104500000,"tag":"gneg","band":"21","subband":"2"},{"arm":"Q","chr":"5","s":104500000,"e":109600000,"tag":"gpos100","band":"21","subband":"3"},{"arm":"Q","chr":"5","s":109600000,"e":111500000,"tag":"gneg","band":"22","subband":"1"},{"arm":"Q","chr":"5","s":111500000,"e":113100000,"tag":"gpos50","band":"22","subband":"2"},{"arm":"Q","chr":"5","s":113100000,"e":115200000,"tag":"gneg","band":"22","subband":"3"},{"arm":"Q","chr":"5","s":115200000,"e":121500000,"tag":"gpos100","band":"23","subband":"1"},{"arm":"Q","chr":"5","s":121500000,"e":127300000,"tag":"gneg","band":"23","subband":"2"},{"arm":"Q","chr":"5","s":127300000,"e":130400000,"tag":"gpos100","band":"23","subband":"3"},{"arm":"Q","chr":"5","s":130400000,"e":135400000,"tag":"gneg","band":"31","subband":"1"},{"arm":"Q","chr":"5","s":135400000,"e":139000000,"tag":"gpos25","band":"31","subband":"2"},{"arm":"Q","chr":"5","s":139000000,"e":143100000,"tag":"gneg","band":"31","subband":"3"},{"arm":"Q","chr":"5","s":143100000,"e":147200000,"tag":"gpos75","band":"32"},{"arm":"Q","chr":"5","s":147200000,"e":152100000,"tag":"gneg","band":"33","subband":"1"},{"arm":"Q","chr":"5","s":152100000,"e":155600000,"tag":"gpos50","band":"33","subband":"2"},{"arm":"Q","chr":"5","s":155600000,"e":159900000,"tag":"gneg","band":"33","subband":"3"},{"arm":"Q","chr":"5","s":159900000,"e":167400000,"tag":"gpos100","band":"34"},{"arm":"Q","chr":"5","s":167400000,"e":172200000,"tag":"gneg","band":"35","subband":"1"},{"arm":"Q","chr":"5","s":172200000,"e":176500000,"tag":"gpos25","band":"35","subband":"2"},{"arm":"Q","chr":"5","s":176500000,"e":180857866,"tag":"gneg","band":"35","subband":"3"},{"arm":"P","chr":"6","s":0,"e":2300000,"tag":"gneg","band":"25","subband":"3"},{"arm":"P","chr":"6","s":2300000,"e":4100000,"tag":"gpos25","band":"25","subband":"2"},{"arm":"P","chr":"6","s":4100000,"e":7000000,"tag":"gneg","band":"25","subband":"1"},{"arm":"P","chr":"6","s":7000000,"e":10600000,"tag":"gpos50","band":"24","subband":"3"},{"arm":"P","chr":"6","s":10600000,"e":11200000,"tag":"gneg","band":"24","subband":"2"},{"arm":"P","chr":"6","s":11200000,"e":13500000,"tag":"gpos25","band":"24","subband":"1"},{"arm":"Q","chr":"6","s":63500000,"e":70000000,"tag":"gpos100","band":"12"},{"arm":"Q","chr":"6","s":70000000,"e":75900000,"tag":"gneg","band":"13"},{"arm":"P","chr":"6","s":13500000,"e":15500000,"tag":"gneg","band":"23"},{"arm":"P","chr":"6","s":15500000,"e":23500000,"tag":"gpos75","band":"22","subband":"3"},{"arm":"P","chr":"6","s":23500000,"e":26100000,"tag":"gneg","band":"22","subband":"2"},{"arm":"P","chr":"6","s":26100000,"e":29900000,"tag":"gpos50","band":"22","subband":"1"},{"arm":"P","chr":"6","s":29900000,"e":31900000,"tag":"gneg","band":"21","subband":"33"},{"arm":"P","chr":"6","s":31900000,"e":33600000,"tag":"gpos25","band":"21","subband":"32"},{"arm":"P","chr":"6","s":33600000,"e":36800000,"tag":"gneg","band":"21","subband":"31"},{"arm":"P","chr":"6","s":36800000,"e":40600000,"tag":"gpos25","band":"21","subband":"2"},{"arm":"P","chr":"6","s":40600000,"e":45200000,"tag":"gneg","band":"21","subband":"1"},{"arm":"P","chr":"6","s":45200000,"e":51100000,"tag":"gpos100","band":"12","subband":"3"},{"arm":"P","chr":"6","s":51100000,"e":52600000,"tag":"gneg","band":"12","subband":"2"},{"arm":"P","chr":"6","s":52600000,"e":57200000,"tag":"gpos100","band":"12","subband":"1"},{"arm":"P","chr":"6","s":57200000,"e":58400000,"tag":"gneg","band":"11","subband":"2"},{"arm":"P","chr":"6","s":58400000,"e":60500000,"tag":"acen","band":"11","subband":"1"},{"arm":"Q","chr":"6","s":60500000,"e":63400000,"tag":"acen","band":"11","subband":"1"},{"arm":"Q","chr":"6","s":63400000,"e":63500000,"tag":"gneg","band":"11","subband":"2"},{"arm":"Q","chr":"6","s":75900000,"e":83900000,"tag":"gpos50","band":"14","subband":"1"},{"arm":"Q","chr":"6","s":83900000,"e":84700000,"tag":"gneg","band":"14","subband":"2"},{"arm":"Q","chr":"6","s":84700000,"e":87500000,"tag":"gpos50","band":"14","subband":"3"},{"arm":"Q","chr":"6","s":87500000,"e":92100000,"tag":"gneg","band":"15"},{"arm":"Q","chr":"6","s":92100000,"e":98700000,"tag":"gpos100","band":"16","subband":"1"},{"arm":"Q","chr":"6","s":98700000,"e":99900000,"tag":"gneg","band":"16","subband":"2"},{"arm":"Q","chr":"6","s":99900000,"e":104800000,"tag":"gpos100","band":"16","subband":"3"},{"arm":"Q","chr":"6","s":104800000,"e":113900000,"tag":"gneg","band":"21"},{"arm":"Q","chr":"6","s":160900000,"e":164400000,"tag":"gpos50","band":"26"},{"arm":"Q","chr":"6","s":113900000,"e":117100000,"tag":"gpos75","band":"22","subband":"1"},{"arm":"Q","chr":"6","s":117100000,"e":118600000,"tag":"gneg","band":"22","subband":"2"},{"arm":"Q","chr":"6","s":118600000,"e":126200000,"tag":"gpos100","band":"22","subband":"31"},{"arm":"Q","chr":"6","s":126200000,"e":127300000,"tag":"gneg","band":"22","subband":"32"},{"arm":"Q","chr":"6","s":127300000,"e":130400000,"tag":"gpos75","band":"22","subband":"33"},{"arm":"Q","chr":"6","s":164400000,"e":170899992,"tag":"gneg","band":"27"},{"arm":"Q","chr":"6","s":130400000,"e":131300000,"tag":"gneg","band":"23","subband":"1"},{"arm":"Q","chr":"6","s":131300000,"e":135200000,"tag":"gpos50","band":"23","subband":"2"},{"arm":"Q","chr":"6","s":135200000,"e":139100000,"tag":"gneg","band":"23","subband":"3"},{"arm":"Q","chr":"6","s":139100000,"e":142900000,"tag":"gpos75","band":"24","subband":"1"},{"arm":"Q","chr":"6","s":142900000,"e":145700000,"tag":"gneg","band":"24","subband":"2"},{"arm":"Q","chr":"6","s":145700000,"e":149100000,"tag":"gpos75","band":"24","subband":"3"},{"arm":"Q","chr":"6","s":149100000,"e":152600000,"tag":"gneg","band":"25","subband":"1"},{"arm":"Q","chr":"6","s":152600000,"e":155600000,"tag":"gpos50","band":"25","subband":"2"},{"arm":"Q","chr":"6","s":155600000,"e":160900000,"tag":"gneg","band":"25","subband":"3"},{"arm":"P","chr":"7","s":0,"e":2100000,"tag":"gneg","band":"22","subband":"3"},{"arm":"P","chr":"7","s":2100000,"e":4500000,"tag":"gpos25","band":"22","subband":"2"},{"arm":"P","chr":"7","s":4500000,"e":7200000,"tag":"gneg","band":"22","subband":"1"},{"arm":"P","chr":"7","s":7200000,"e":13300000,"tag":"gpos100","band":"21","subband":"3"},{"arm":"P","chr":"7","s":13300000,"e":15200000,"tag":"gneg","band":"21","subband":"2"},{"arm":"P","chr":"7","s":15200000,"e":19500000,"tag":"gpos100","band":"21","subband":"1"},{"arm":"P","chr":"7","s":19500000,"e":24900000,"tag":"gneg","band":"15","subband":"3"},{"arm":"P","chr":"7","s":24900000,"e":28000000,"tag":"gpos50","band":"15","subband":"2"},{"arm":"P","chr":"7","s":28000000,"e":31800000,"tag":"gneg","band":"15","subband":"1"},{"arm":"P","chr":"7","s":31800000,"e":35600000,"tag":"gpos75","band":"14","subband":"3"},{"arm":"P","chr":"7","s":35600000,"e":37500000,"tag":"gneg","band":"14","subband":"2"},{"arm":"P","chr":"7","s":37500000,"e":43300000,"tag":"gpos75","band":"14","subband":"1"},{"arm":"P","chr":"7","s":43300000,"e":46600000,"tag":"gneg","band":"13"},{"arm":"P","chr":"7","s":46600000,"e":49800000,"tag":"gpos75","band":"12","subband":"3"},{"arm":"P","chr":"7","s":49800000,"e":50900000,"tag":"gneg","band":"12","subband":"2"},{"arm":"P","chr":"7","s":50900000,"e":53900000,"tag":"gpos75","band":"12","subband":"1"},{"arm":"P","chr":"7","s":53900000,"e":57400000,"tag":"gneg","band":"11","subband":"2"},{"arm":"P","chr":"7","s":57400000,"e":59100000,"tag":"acen","band":"11","subband":"1"},{"arm":"Q","chr":"7","s":59100000,"e":61100000,"tag":"acen","band":"11","subband":"1"},{"arm":"Q","chr":"7","s":61100000,"e":66100000,"tag":"gneg","band":"11","subband":"21"},{"arm":"Q","chr":"7","s":66100000,"e":71800000,"tag":"gpos50","band":"11","subband":"22"},{"arm":"Q","chr":"7","s":71800000,"e":77400000,"tag":"gneg","band":"11","subband":"23"},{"arm":"Q","chr":"7","s":77400000,"e":86200000,"tag":"gpos100","band":"21","subband":"11"},{"arm":"Q","chr":"7","s":86200000,"e":88000000,"tag":"gneg","band":"21","subband":"12"},{"arm":"Q","chr":"7","s":88000000,"e":90900000,"tag":"gpos75","band":"21","subband":"13"},{"arm":"Q","chr":"7","s":90900000,"e":92600000,"tag":"gneg","band":"21","subband":"2"},{"arm":"Q","chr":"7","s":92600000,"e":97900000,"tag":"gpos75","band":"21","subband":"3"},{"arm":"Q","chr":"7","s":97900000,"e":104400000,"tag":"gneg","band":"22","subband":"1"},{"arm":"Q","chr":"7","s":104400000,"e":105900000,"tag":"gpos50","band":"22","subband":"2"},{"arm":"Q","chr":"7","s":105900000,"e":107200000,"tag":"gneg","band":"22","subband":"3"},{"arm":"Q","chr":"7","s":107200000,"e":114400000,"tag":"gpos75","band":"31","subband":"1"},{"arm":"Q","chr":"7","s":114400000,"e":117200000,"tag":"gneg","band":"31","subband":"2"},{"arm":"Q","chr":"7","s":117200000,"e":120900000,"tag":"gpos75","band":"31","subband":"31"},{"arm":"Q","chr":"7","s":120900000,"e":123600000,"tag":"gneg","band":"31","subband":"32"},{"arm":"Q","chr":"7","s":123600000,"e":126900000,"tag":"gpos75","band":"31","subband":"33"},{"arm":"Q","chr":"7","s":126900000,"e":129000000,"tag":"gneg","band":"32","subband":"1"},{"arm":"Q","chr":"7","s":129000000,"e":130100000,"tag":"gpos25","band":"32","subband":"2"},{"arm":"Q","chr":"7","s":130100000,"e":132400000,"tag":"gneg","band":"32","subband":"3"},{"arm":"Q","chr":"7","s":132400000,"e":137300000,"tag":"gpos50","band":"33"},{"arm":"Q","chr":"7","s":137300000,"e":142800000,"tag":"gneg","band":"34"},{"arm":"Q","chr":"7","s":142800000,"e":147500000,"tag":"gpos75","band":"35"},{"arm":"Q","chr":"7","s":147500000,"e":152200000,"tag":"gneg","band":"36","subband":"1"},{"arm":"Q","chr":"7","s":152200000,"e":154700000,"tag":"gpos25","band":"36","subband":"2"},{"arm":"Q","chr":"7","s":154700000,"e":158821424,"tag":"gneg","band":"36","subband":"3"},{"arm":"P","chr":"8","s":0,"e":2200000,"tag":"gneg","band":"23","subband":"3"},{"arm":"P","chr":"8","s":2200000,"e":6200000,"tag":"gpos75","band":"23","subband":"2"},{"arm":"P","chr":"8","s":6200000,"e":12700000,"tag":"gneg","band":"23","subband":"1"},{"arm":"P","chr":"8","s":12700000,"e":19100000,"tag":"gpos100","band":"22"},{"arm":"P","chr":"8","s":19100000,"e":23400000,"tag":"gneg","band":"21","subband":"3"},{"arm":"P","chr":"8","s":23400000,"e":27400000,"tag":"gpos50","band":"21","subband":"2"},{"arm":"P","chr":"8","s":27400000,"e":29700000,"tag":"gneg","band":"21","subband":"1"},{"arm":"P","chr":"8","s":29700000,"e":38500000,"tag":"gpos75","band":"12"},{"arm":"P","chr":"8","s":38500000,"e":39500000,"tag":"gneg","band":"11","subband":"23"},{"arm":"P","chr":"8","s":39500000,"e":39900000,"tag":"gpos25","band":"11","subband":"22"},{"arm":"P","chr":"8","s":39900000,"e":43200000,"tag":"gneg","band":"11","subband":"21"},{"arm":"P","chr":"8","s":43200000,"e":45200000,"tag":"acen","band":"11","subband":"1"},{"arm":"Q","chr":"8","s":45200000,"e":48100000,"tag":"acen","band":"11","subband":"1"},{"arm":"Q","chr":"8","s":48100000,"e":50400000,"tag":"gneg","band":"11","subband":"21"},{"arm":"Q","chr":"8","s":50400000,"e":52800000,"tag":"gpos75","band":"11","subband":"22"},{"arm":"Q","chr":"8","s":52800000,"e":55600000,"tag":"gneg","band":"11","subband":"23"},{"arm":"Q","chr":"8","s":55600000,"e":61700000,"tag":"gpos50","band":"12","subband":"1"},{"arm":"Q","chr":"8","s":61700000,"e":62400000,"tag":"gneg","band":"12","subband":"2"},{"arm":"Q","chr":"8","s":62400000,"e":66100000,"tag":"gpos50","band":"12","subband":"3"},{"arm":"Q","chr":"8","s":66100000,"e":68100000,"tag":"gneg","band":"13","subband":"1"},{"arm":"Q","chr":"8","s":68100000,"e":70600000,"tag":"gpos50","band":"13","subband":"2"},{"arm":"Q","chr":"8","s":70600000,"e":74000000,"tag":"gneg","band":"13","subband":"3"},{"arm":"Q","chr":"8","s":74000000,"e":78500000,"tag":"gpos100","band":"21","subband":"11"},{"arm":"Q","chr":"8","s":78500000,"e":80300000,"tag":"gneg","band":"21","subband":"12"},{"arm":"Q","chr":"8","s":80300000,"e":84900000,"tag":"gpos75","band":"21","subband":"13"},{"arm":"Q","chr":"8","s":84900000,"e":87200000,"tag":"gneg","band":"21","subband":"2"},{"arm":"Q","chr":"8","s":87200000,"e":93500000,"tag":"gpos100","band":"21","subband":"3"},{"arm":"Q","chr":"8","s":93500000,"e":99100000,"tag":"gneg","band":"22","subband":"1"},{"arm":"Q","chr":"8","s":99100000,"e":101600000,"tag":"gpos25","band":"22","subband":"2"},{"arm":"Q","chr":"8","s":101600000,"e":106100000,"tag":"gneg","band":"22","subband":"3"},{"arm":"Q","chr":"8","s":106100000,"e":110600000,"tag":"gpos75","band":"23","subband":"1"},{"arm":"Q","chr":"8","s":110600000,"e":112200000,"tag":"gneg","band":"23","subband":"2"},{"arm":"Q","chr":"8","s":112200000,"e":117700000,"tag":"gpos100","band":"23","subband":"3"},{"arm":"Q","chr":"8","s":117700000,"e":119200000,"tag":"gneg","band":"24","subband":"11"},{"arm":"Q","chr":"8","s":119200000,"e":122500000,"tag":"gpos50","band":"24","subband":"12"},{"arm":"Q","chr":"8","s":122500000,"e":127300000,"tag":"gneg","band":"24","subband":"13"},{"arm":"P","chr":"9","s":9000000,"e":14100000,"tag":"gpos75","band":"23"},{"arm":"Q","chr":"8","s":127300000,"e":131500000,"tag":"gpos50","band":"24","subband":"21"},{"arm":"Q","chr":"8","s":131500000,"e":136500000,"tag":"gneg","band":"24","subband":"22"},{"arm":"Q","chr":"8","s":136500000,"e":140000000,"tag":"gpos75","band":"24","subband":"23"},{"arm":"Q","chr":"8","s":140000000,"e":146274826,"tag":"gneg","band":"24","subband":"3"},{"arm":"P","chr":"9","s":14100000,"e":16600000,"tag":"gneg","band":"22","subband":"3"},{"arm":"P","chr":"9","s":0,"e":2200000,"tag":"gneg","band":"24","subband":"3"},{"arm":"P","chr":"9","s":16600000,"e":18500000,"tag":"gpos25","band":"22","subband":"2"},{"arm":"P","chr":"9","s":18500000,"e":19900000,"tag":"gneg","band":"22","subband":"1"},{"arm":"P","chr":"9","s":19900000,"e":25500000,"tag":"gpos100","band":"21","subband":"3"},{"arm":"P","chr":"9","s":25500000,"e":28100000,"tag":"gneg","band":"21","subband":"2"},{"arm":"P","chr":"9","s":40200000,"e":42400000,"tag":"gpos50","band":"12"},{"arm":"P","chr":"9","s":28100000,"e":32800000,"tag":"gpos100","band":"21","subband":"1"},{"arm":"P","chr":"9","s":42400000,"e":46700000,"tag":"gneg","band":"11","subband":"2"},{"arm":"P","chr":"9","s":32800000,"e":36300000,"tag":"gneg","band":"13","subband":"3"},{"arm":"P","chr":"9","s":46700000,"e":51800000,"tag":"acen","band":"11","subband":"1"},{"arm":"P","chr":"9","s":36300000,"e":38000000,"tag":"gpos25","band":"13","subband":"2"},{"arm":"P","chr":"9","s":38000000,"e":40200000,"tag":"gneg","band":"13","subband":"1"},{"arm":"P","chr":"9","s":2200000,"e":4600000,"tag":"gpos25","band":"24","subband":"2"},{"arm":"P","chr":"9","s":4600000,"e":9000000,"tag":"gneg","band":"24","subband":"1"},{"arm":"Q","chr":"9","s":51800000,"e":60300000,"tag":"acen","band":"11"},{"arm":"Q","chr":"9","s":60300000,"e":70000000,"tag":"gvar","band":"12"},{"arm":"Q","chr":"9","s":70000000,"e":70500000,"tag":"gneg","band":"13"},{"arm":"Q","chr":"9","s":70500000,"e":72700000,"tag":"gpos25","band":"21","subband":"11"},{"arm":"Q","chr":"9","s":72700000,"e":73100000,"tag":"gneg","band":"21","subband":"12"},{"arm":"Q","chr":"9","s":73100000,"e":79300000,"tag":"gpos50","band":"21","subband":"13"},{"arm":"Q","chr":"9","s":79300000,"e":80300000,"tag":"gneg","band":"21","subband":"2"},{"arm":"Q","chr":"9","s":80300000,"e":83400000,"tag":"gpos50","band":"21","subband":"31"},{"arm":"Q","chr":"9","s":83400000,"e":86100000,"tag":"gneg","band":"21","subband":"32"},{"arm":"Q","chr":"9","s":86100000,"e":89600000,"tag":"gpos50","band":"21","subband":"33"},{"arm":"Q","chr":"9","s":89600000,"e":91000000,"tag":"gneg","band":"22","subband":"1"},{"arm":"Q","chr":"9","s":91000000,"e":93000000,"tag":"gpos25","band":"22","subband":"2"},{"arm":"Q","chr":"9","s":93000000,"e":95600000,"tag":"gneg","band":"22","subband":"31"},{"arm":"Q","chr":"9","s":95600000,"e":98200000,"tag":"gpos25","band":"22","subband":"32"},{"arm":"Q","chr":"9","s":98200000,"e":101600000,"tag":"gneg","band":"22","subband":"33"},{"arm":"Q","chr":"9","s":101600000,"e":107200000,"tag":"gpos100","band":"31","subband":"1"},{"arm":"Q","chr":"9","s":107200000,"e":110300000,"tag":"gneg","band":"31","subband":"2"},{"arm":"Q","chr":"9","s":110300000,"e":113900000,"tag":"gpos25","band":"31","subband":"3"},{"arm":"Q","chr":"9","s":113900000,"e":116700000,"tag":"gneg","band":"32"},{"arm":"Q","chr":"9","s":116700000,"e":122000000,"tag":"gpos75","band":"33","subband":"1"},{"arm":"Q","chr":"9","s":122000000,"e":125800000,"tag":"gneg","band":"33","subband":"2"},{"arm":"Q","chr":"9","s":125800000,"e":129300000,"tag":"gpos25","band":"33","subband":"3"},{"arm":"Q","chr":"9","s":129300000,"e":132500000,"tag":"gneg","band":"34","subband":"11"},{"arm":"Q","chr":"9","s":132500000,"e":132800000,"tag":"gpos25","band":"34","subband":"12"},{"arm":"Q","chr":"9","s":132800000,"e":134900000,"tag":"gneg","band":"34","subband":"13"},{"arm":"Q","chr":"9","s":134900000,"e":136600000,"tag":"gpos25","band":"34","subband":"2"},{"arm":"Q","chr":"9","s":136600000,"e":140273252,"tag":"gneg","band":"34","subband":"3"},{"arm":"P","chr":"X","s":0,"e":4300000,"tag":"gneg","band":"22","subband":"33"},{"arm":"P","chr":"X","s":4300000,"e":6000000,"tag":"gpos50","band":"22","subband":"32"},{"arm":"P","chr":"X","s":6000000,"e":9500000,"tag":"gneg","band":"22","subband":"31"},{"arm":"P","chr":"X","s":9500000,"e":17100000,"tag":"gpos50","band":"22","subband":"2"},{"arm":"P","chr":"X","s":17100000,"e":19200000,"tag":"gneg","band":"22","subband":"13"},{"arm":"P","chr":"X","s":19200000,"e":21800000,"tag":"gpos50","band":"22","subband":"12"},{"arm":"P","chr":"X","s":21800000,"e":24900000,"tag":"gneg","band":"22","subband":"11"},{"arm":"P","chr":"X","s":24900000,"e":29400000,"tag":"gpos100","band":"21","subband":"3"},{"arm":"P","chr":"X","s":29400000,"e":31500000,"tag":"gneg","band":"21","subband":"2"},{"arm":"P","chr":"X","s":31500000,"e":37500000,"tag":"gpos100","band":"21","subband":"1"},{"arm":"P","chr":"X","s":37500000,"e":42300000,"tag":"gneg","band":"11","subband":"4"},{"arm":"P","chr":"X","s":42300000,"e":47300000,"tag":"gpos75","band":"11","subband":"3"},{"arm":"P","chr":"X","s":47300000,"e":49700000,"tag":"gneg","band":"11","subband":"23"},{"arm":"P","chr":"X","s":49700000,"e":54700000,"tag":"gpos25","band":"11","subband":"22"},{"arm":"P","chr":"X","s":54700000,"e":56600000,"tag":"gneg","band":"11","subband":"21"},{"arm":"P","chr":"X","s":56600000,"e":59500000,"tag":"acen","band":"11","subband":"1"},{"arm":"Q","chr":"X","s":59500000,"e":65000000,"tag":"acen","band":"11","subband":"1"},{"arm":"Q","chr":"X","s":65000000,"e":65100000,"tag":"gneg","band":"11","subband":"2"},{"arm":"Q","chr":"X","s":65100000,"e":67700000,"tag":"gpos50","band":"12"},{"arm":"Q","chr":"X","s":67700000,"e":72200000,"tag":"gneg","band":"13","subband":"1"},{"arm":"Q","chr":"X","s":72200000,"e":73800000,"tag":"gpos50","band":"13","subband":"2"},{"arm":"Q","chr":"X","s":73800000,"e":76000000,"tag":"gneg","band":"13","subband":"3"},{"arm":"Q","chr":"X","s":76000000,"e":84500000,"tag":"gpos100","band":"21","subband":"1"},{"arm":"Q","chr":"X","s":84500000,"e":86200000,"tag":"gneg","band":"21","subband":"2"},{"arm":"Q","chr":"X","s":86200000,"e":91900000,"tag":"gpos100","band":"21","subband":"31"},{"arm":"Q","chr":"X","s":91900000,"e":93500000,"tag":"gneg","band":"21","subband":"32"},{"arm":"Q","chr":"X","s":93500000,"e":98200000,"tag":"gpos75","band":"21","subband":"33"},{"arm":"Q","chr":"X","s":98200000,"e":102500000,"tag":"gneg","band":"22","subband":"1"},{"arm":"Q","chr":"X","s":102500000,"e":103600000,"tag":"gpos50","band":"22","subband":"2"},{"arm":"Q","chr":"X","s":103600000,"e":110500000,"tag":"gneg","band":"22","subband":"3"},{"arm":"Q","chr":"X","s":120700000,"e":129800000,"tag":"gpos100","band":"25"},{"arm":"Q","chr":"X","s":110500000,"e":116800000,"tag":"gpos75","band":"23"},{"arm":"Q","chr":"X","s":116800000,"e":120700000,"tag":"gneg","band":"24"},{"arm":"Q","chr":"X","s":129800000,"e":130300000,"tag":"gneg","band":"26","subband":"1"},{"arm":"Q","chr":"X","s":130300000,"e":133500000,"tag":"gpos25","band":"26","subband":"2"},{"arm":"Q","chr":"X","s":133500000,"e":137800000,"tag":"gneg","band":"26","subband":"3"},{"arm":"Q","chr":"X","s":137800000,"e":140100000,"tag":"gpos75","band":"27","subband":"1"},{"arm":"Q","chr":"X","s":140100000,"e":141900000,"tag":"gneg","band":"27","subband":"2"},{"arm":"Q","chr":"X","s":141900000,"e":146900000,"tag":"gpos100","band":"27","subband":"3"},{"arm":"Q","chr":"X","s":146900000,"e":154913754,"tag":"gneg","band":"28"},{"arm":"P","chr":"Y","s":0,"e":1700000,"tag":"gneg","band":"11","subband":"32"},{"arm":"P","chr":"Y","s":1700000,"e":3300000,"tag":"gpos50","band":"11","subband":"31"},{"arm":"P","chr":"Y","s":3300000,"e":11200000,"tag":"gneg","band":"11","subband":"2"},{"arm":"P","chr":"Y","s":11200000,"e":11300000,"tag":"acen","band":"11","subband":"1"},{"arm":"Q","chr":"Y","s":11300000,"e":12500000,"tag":"acen","band":"11","subband":"1"},{"arm":"Q","chr":"Y","s":12500000,"e":14300000,"tag":"gneg","band":"11","subband":"21"},{"arm":"Q","chr":"Y","s":14300000,"e":19000000,"tag":"gpos50","band":"11","subband":"221"},{"arm":"Q","chr":"Y","s":19000000,"e":21300000,"tag":"gneg","band":"11","subband":"222"},{"arm":"Q","chr":"Y","s":21300000,"e":25400000,"tag":"gpos50","band":"11","subband":"223"},{"arm":"Q","chr":"Y","s":25400000,"e":27200000,"tag":"gneg","band":"11","subband":"23"},{"arm":"Q","chr":"Y","s":27200000,"e":57772954,"tag":"gvar","band":"12"},{"arm":"P","chr":"1","s":0,"e":2300000,"tag":"gneg","band":"36","subband":"33"}]